,record,original,predict,top5,inTop5,correct,mmr
0,0,10.0,"[[ 5.34053802  5.        ]
 [ 5.81205511  9.        ]
 [ 5.82816768 10.        ]
 [ 5.87120342 18.        ]
 [ 6.4669838  20.        ]
 [ 6.59769821 23.        ]
 [ 7.54713607 24.        ]
 [10.03253603 27.        ]]",[ 5.  9. 10. 18. 20.],1,1,0.3333333333333333
1,1,10.0,"[[ 4.23193789  5.        ]
 [ 5.23229567  9.        ]
 [ 5.6551466  11.        ]
 [ 6.08764744 16.        ]
 [ 6.30178642 18.        ]
 [ 6.68295622 20.        ]
 [ 7.49192142 21.        ]
 [11.63062859 23.        ]]",[ 5.  9. 11. 16. 18.],0,0,0.0
2,3,0.0,"[[ 4.6186738   7.        ]
 [ 5.24032688 11.        ]
 [ 5.4512832  18.        ]
 [ 5.68633318 19.        ]
 [ 6.97000408 20.        ]
 [ 7.29167833 23.        ]
 [19.7005043  24.        ]]",[ 7. 11. 18. 19. 20.],0,0,0.0
3,4,0.0,"[[ 3.20803976  1.        ]
 [ 3.26468992  5.        ]
 [ 5.00825426  8.        ]
 [ 5.32995399  9.        ]
 [ 6.08492994 10.        ]
 [ 6.08650422 13.        ]
 [ 6.11558907 16.        ]
 [ 6.22802377 17.        ]
 [ 6.35066104 18.        ]
 [ 6.39414864 19.        ]
 [ 6.4888649  20.        ]
 [ 6.94137478 23.        ]
 [ 7.18272193 24.        ]]",[ 1.  5.  8.  9. 10.],0,0,0.0
4,5,10.0,"[[ 3.67687273  7.        ]
 [ 5.22973895  9.        ]
 [ 5.57841778 10.        ]
 [ 5.80159712 17.        ]
 [ 6.09700966 18.        ]
 [ 6.32672723 19.        ]
 [ 6.90721416 23.        ]
 [ 7.36097097 24.        ]]",[ 7.  9. 10. 17. 18.],1,1,0.3333333333333333
5,6,10.0,"[[ 5.88424516  8.        ]
 [ 6.50137329  9.        ]
 [ 6.56498075 17.        ]
 [ 6.67104816 18.        ]
 [ 7.31441021 19.        ]
 [ 8.81215668 20.        ]
 [12.49438429 21.        ]
 [13.34685135 23.        ]
 [18.48532295 34.        ]]",[ 8.  9. 17. 18. 19.],0,0,0.0
6,7,10.0,"[[ 4.59371471  7.        ]
 [ 4.90990257 10.        ]
 [ 5.65658569 11.        ]
 [ 6.76650333 18.        ]
 [ 7.08211422 23.        ]
 [19.34225464 24.        ]]",[ 7. 10. 11. 18. 23.],1,1,0.5
7,8,10.0,"[[ 3.94938684  9.        ]
 [ 4.66496134 18.        ]
 [ 6.41253757 21.        ]
 [ 6.68020201 24.        ]]",[ 9. 18. 21. 24.],0,0,0.0
8,9,10.0,"[[ 5.1444931   7.        ]
 [ 5.30165386 10.        ]
 [ 5.52254057 17.        ]
 [ 6.06336908 18.        ]
 [ 6.46504927 19.        ]
 [ 7.11180258 21.        ]
 [ 9.36929893 23.        ]
 [ 9.43331464 24.        ]]",[ 7. 10. 17. 18. 19.],1,1,0.5
9,10,10.0,"[[ 4.3646574  10.        ]
 [ 4.72162962 16.        ]
 [ 8.82149887 23.        ]
 [12.08472037 24.        ]]",[10. 16. 23. 24.],1,1,1.0
10,11,0.0,"[[ 4.71710157  9.        ]
 [ 4.88721466 16.        ]
 [ 5.02604639 17.        ]
 [ 5.2132597  18.        ]
 [ 5.71330357 19.        ]
 [ 6.60691929 23.        ]
 [ 7.11385536 24.        ]]",[ 9. 16. 17. 18. 19.],0,1,0.0
11,12,0.0,"[[ 3.26451657  7.        ]
 [ 3.84355944  9.        ]
 [ 4.50037099 10.        ]
 [ 5.0974369  11.        ]
 [ 5.18952942 12.        ]
 [ 5.39644505 13.        ]
 [ 5.54483995 16.        ]
 [ 5.76434761 17.        ]
 [ 6.12175322 18.        ]
 [ 6.24849976 19.        ]
 [ 7.12593842 20.        ]
 [ 7.14575775 23.        ]
 [ 7.15164211 24.        ]
 [14.15873909 27.        ]]",[ 7.  9. 10. 11. 12.],0,0,0.0
12,13,10.0,"[[ 3.76208067  8.        ]
 [ 4.12210226  9.        ]
 [ 5.10343266 10.        ]
 [ 5.41133213 11.        ]
 [ 5.81333447 18.        ]
 [ 6.19614244 20.        ]
 [ 6.57415152 21.        ]
 [ 7.91659927 23.        ]]",[ 8.  9. 10. 11. 18.],1,1,0.3333333333333333
13,14,0.0,"[[ 4.90637589 11.        ]
 [ 5.08522769 16.        ]
 [ 5.3948978  18.        ]
 [ 5.63909054 19.        ]
 [ 5.64407635 20.        ]
 [ 6.60336447 21.        ]
 [ 6.79273653 23.        ]
 [ 7.84974706 24.        ]]",[11. 16. 18. 19. 20.],0,0,0.0
14,15,10.0,"[[ 4.76045799  7.        ]
 [ 5.50331783  9.        ]
 [ 5.58640862 10.        ]
 [ 6.09499431 15.        ]
 [ 6.19842815 16.        ]
 [ 6.36855459 17.        ]
 [11.28691673 18.        ]
 [12.83481598 20.        ]
 [14.03507519 23.        ]
 [18.09072495 24.        ]]",[ 7.  9. 10. 15. 16.],1,1,0.3333333333333333
15,16,0.0,"[[ 5.23604012  3.        ]
 [ 5.40958309  5.        ]
 [ 5.48061323  7.        ]
 [ 5.78028138  8.        ]
 [ 5.91626175  9.        ]
 [ 6.10357094 10.        ]
 [ 6.28363848 13.        ]
 [ 6.29069901 18.        ]
 [ 6.39703434 19.        ]
 [ 6.44872427 20.        ]
 [ 6.46338177 21.        ]
 [ 7.02593285 23.        ]
 [ 7.02842011 24.        ]
 [ 9.87339973 27.        ]]",[3. 5. 7. 8. 9.],0,1,0.0
16,17,0.0,"[[ 3.89890895  9.        ]
 [ 4.31359039 10.        ]
 [ 4.91439199 15.        ]
 [ 5.45308828 19.        ]
 [ 5.79804516 21.        ]
 [ 6.48462667 23.        ]]",[ 9. 10. 15. 19. 21.],0,0,0.0
17,18,10.0,"[[ 6.37531948  9.        ]
 [ 8.37850142 13.        ]
 [ 8.5421648  16.        ]
 [10.99759102 19.        ]
 [11.16903496 20.        ]
 [11.27100046 21.        ]
 [11.68517876 23.        ]
 [18.68314362 34.        ]]",[ 9. 13. 16. 19. 20.],0,0,0.0
18,19,0.0,"[[ 5.22993851  5.        ]
 [ 5.45497799  7.        ]
 [ 5.8308897   8.        ]
 [ 6.05354118  9.        ]
 [ 6.0801303  10.        ]
 [ 6.13925743 11.        ]
 [ 6.39542762 13.        ]
 [ 6.60045045 16.        ]
 [ 6.67702928 18.        ]
 [ 6.71498183 19.        ]
 [ 6.7320167  20.        ]
 [ 6.89997357 21.        ]
 [ 6.99122594 23.        ]
 [ 7.20305634 24.        ]
 [ 7.27134483 27.        ]
 [ 8.05104065 34.        ]]",[ 5.  7.  8.  9. 10.],0,0,0.0
19,20,0.0,"[[ 5.43689919  5.        ]
 [ 6.51646845  7.        ]
 [ 6.57902507 13.        ]
 [ 6.85411263 16.        ]
 [ 6.93736172 17.        ]
 [ 6.97296226 18.        ]
 [ 7.06925297 19.        ]
 [ 8.02504794 20.        ]
 [ 8.6505834  21.        ]
 [10.68645477 23.        ]
 [12.85416587 24.        ]
 [14.43380547 34.        ]]",[ 5.  7. 13. 16. 17.],0,1,0.0
20,21,0.0,"[[ 3.64801025  1.        ]
 [ 4.62433833  3.        ]
 [ 4.93434707  5.        ]
 [ 4.98369789  7.        ]
 [ 4.98928103  9.        ]
 [ 5.68141699 10.        ]
 [ 5.92130844 13.        ]
 [ 6.20044518 15.        ]
 [ 6.41863125 16.        ]
 [ 6.44469976 17.        ]
 [ 6.48297691 18.        ]
 [ 6.7130208  19.        ]
 [ 6.89051199 20.        ]
 [ 7.58327961 21.        ]
 [ 7.79845703 23.        ]
 [ 8.30989393 24.        ]]",[1. 3. 5. 7. 9.],0,1,0.0
21,22,10.0,"[[ 5.0388751   1.        ]
 [ 5.10368013  3.        ]
 [ 5.73057016  5.        ]
 [ 5.87547382  7.        ]
 [ 6.22040459  8.        ]
 [ 6.34108639  9.        ]
 [ 6.37169271 10.        ]
 [ 6.44717431 11.        ]
 [ 6.47329807 13.        ]
 [ 6.5016068  16.        ]
 [ 6.53753885 17.        ]
 [ 6.70262977 18.        ]
 [ 6.74988532 19.        ]
 [ 6.85230732 20.        ]
 [ 7.04795079 21.        ]
 [11.96610069 23.        ]
 [12.84998822 24.        ]]",[1. 3. 5. 7. 8.],0,0,0.0
22,23,0.0,"[[ 5.35138655  5.        ]
 [ 5.86280076  9.        ]
 [ 5.98129027 10.        ]
 [ 6.03989935 13.        ]
 [ 6.20925903 16.        ]
 [ 6.50594895 17.        ]
 [ 6.53980421 18.        ]
 [ 6.90092427 19.        ]
 [ 7.24501788 20.        ]
 [10.82560072 21.        ]
 [11.79136637 23.        ]
 [11.97124445 24.        ]
 [13.20834064 30.        ]
 [17.86816978 34.        ]]",[ 5.  9. 10. 13. 16.],0,0,0.0
23,24,10.0,"[[ 3.98804063  9.        ]
 [ 5.62281656 19.        ]
 [ 6.22847438 23.        ]
 [ 6.80429316 24.        ]]",[ 9. 19. 23. 24.],0,0,0.0
24,25,10.0,"[[ 5.04370546  7.        ]
 [ 5.56901789  8.        ]
 [ 5.71842909 10.        ]
 [ 5.96135521 11.        ]
 [ 6.07378769 13.        ]
 [ 6.56970739 16.        ]
 [ 6.62536383 19.        ]
 [ 6.87914834 23.        ]
 [ 7.74057519 24.        ]
 [ 9.07332071 33.        ]]",[ 7.  8. 10. 11. 13.],1,1,0.3333333333333333
25,26,0.0,"[[ 2.48410082  5.        ]
 [ 3.82489957  7.        ]
 [ 5.4795444   9.        ]
 [ 5.64967482 10.        ]
 [ 5.68042934 11.        ]
 [ 5.81174692 16.        ]
 [ 5.99417686 17.        ]
 [ 6.1339403  18.        ]
 [ 6.18802643 19.        ]
 [ 6.50915408 23.        ]
 [ 6.67514515 24.        ]]",[ 5.  7.  9. 10. 11.],0,0,0.0
26,27,10.0,"[[ 5.59118748  9.        ]
 [ 6.12391663 11.        ]
 [ 6.45997167 15.        ]
 [ 6.51256537 16.        ]
 [ 7.00158644 18.        ]
 [ 7.03264189 19.        ]
 [ 8.5785799  20.        ]
 [12.5170393  23.        ]
 [13.57830238 24.        ]]",[ 9. 11. 15. 16. 18.],0,0,0.0
27,28,0.0,"[[ 5.71721745  5.        ]
 [ 5.79379129 10.        ]
 [ 5.92047024 11.        ]
 [ 5.98484039 17.        ]
 [ 6.59226155 19.        ]
 [ 7.65405273 24.        ]]",[ 5. 10. 11. 17. 19.],0,0,0.0
28,29,10.0,"[[ 6.01541519  7.        ]
 [ 6.01769495 10.        ]
 [ 6.91183949 16.        ]
 [ 8.42333603 20.        ]
 [ 8.68507242 23.        ]
 [10.66852665 24.        ]]",[ 7. 10. 16. 20. 23.],1,1,0.5
29,30,0.0,"[[ 4.8725359   9.        ]
 [ 5.01776075 18.        ]
 [ 5.55022907 20.        ]
 [ 6.92684174 21.        ]
 [ 8.4713707  23.        ]]",[ 9. 18. 20. 21. 23.],0,1,0.0
30,31,10.0,"[[ 3.8744998   7.        ]
 [ 4.83745289  9.        ]
 [ 4.93783569 10.        ]
 [ 5.60348058 11.        ]
 [ 6.08287668 12.        ]
 [ 6.36020088 13.        ]
 [ 6.66030216 15.        ]
 [ 6.69699669 17.        ]
 [ 6.96320041 18.        ]
 [ 7.07464504 19.        ]
 [ 7.1202383  20.        ]
 [ 7.32568312 21.        ]
 [ 7.33703518 23.        ]
 [ 9.08469105 24.        ]
 [ 9.51787319 30.        ]
 [19.24533081 34.        ]]",[ 7.  9. 10. 11. 12.],1,1,0.3333333333333333
31,32,0.0,"[[ 3.48054153  5.        ]
 [ 4.44677496  8.        ]
 [ 4.68799146  9.        ]
 [ 4.89561101 10.        ]
 [ 5.45945519 15.        ]
 [ 5.53670025 17.        ]
 [ 5.61811879 18.        ]
 [ 7.01785183 19.        ]
 [ 8.27393845 20.        ]
 [10.13506489 23.        ]
 [12.56262371 24.        ]]",[ 5.  8.  9. 10. 15.],0,0,0.0
32,34,0.0,"[[ 5.71491861  5.        ]
 [ 5.75560454  7.        ]
 [ 5.81402111  9.        ]
 [ 5.92599159 10.        ]
 [ 6.39925098 13.        ]
 [ 6.53024292 16.        ]
 [ 7.13567833 17.        ]
 [ 7.22794641 18.        ]
 [ 7.85651207 19.        ]
 [ 8.33819358 20.        ]
 [ 8.37214661 21.        ]
 [10.28911734 23.        ]
 [14.2813282  24.        ]]",[ 5.  7.  9. 10. 13.],0,0,0.0
33,35,10.0,"[[ 5.22756243  5.        ]
 [ 5.32710552  7.        ]
 [ 5.35115814  9.        ]
 [ 5.44109321 10.        ]
 [ 5.68429089 11.        ]
 [ 5.85146928 13.        ]
 [ 6.23390516 15.        ]
 [ 6.62718582 16.        ]
 [ 6.8719368  17.        ]
 [ 7.37926698 18.        ]
 [ 7.64616601 19.        ]
 [ 7.68223254 20.        ]
 [ 7.94291925 21.        ]
 [ 9.5996141  23.        ]
 [10.36224302 24.        ]]",[ 5.  7.  9. 10. 11.],1,1,0.25
34,36,0.0,"[[ 4.88570007  3.        ]
 [ 5.02131367  7.        ]
 [ 5.50294622  9.        ]
 [ 5.89057827 10.        ]
 [ 5.90834888 13.        ]
 [ 6.52637272 16.        ]
 [ 6.6043183  19.        ]
 [ 6.81570225 20.        ]
 [ 6.93148549 21.        ]
 [ 7.1855638  23.        ]
 [ 7.70444393 24.        ]
 [ 9.74460888 33.        ]]",[ 3.  7.  9. 10. 13.],0,0,0.0
35,38,0.0,"[[ 5.41170406  5.        ]
 [ 5.63548374  7.        ]
 [ 5.933671    9.        ]
 [ 6.79282141 13.        ]
 [ 7.74839134 15.        ]
 [ 9.73118305 16.        ]
 [ 9.84550593 19.        ]
 [10.04982758 21.        ]
 [11.19727235 23.        ]
 [13.13467286 24.        ]]",[ 5.  7.  9. 13. 15.],0,1,0.0
36,39,0.0,"[[ 2.86553232  0.        ]
 [ 3.74288373  7.        ]
 [ 3.88777637  8.        ]
 [ 4.16283578  9.        ]
 [ 4.97994014 10.        ]
 [ 5.09031391 11.        ]
 [ 5.14361404 13.        ]
 [ 5.14532185 15.        ]
 [ 5.39365196 16.        ]
 [ 5.64810085 18.        ]
 [ 5.73698648 20.        ]
 [ 5.84180172 21.        ]
 [ 5.97731209 23.        ]
 [ 6.00880413 24.        ]
 [ 6.11430979 28.        ]
 [ 6.20577876 34.        ]]",[ 0.  7.  8.  9. 10.],1,1,1.0
37,40,0.0,"[[ 4.55135345  3.        ]
 [ 4.59431648  9.        ]
 [ 5.2176981  10.        ]
 [ 5.27580199 16.        ]
 [ 5.42528439 17.        ]
 [ 5.48081875 18.        ]
 [ 6.08409071 19.        ]
 [ 6.23123264 21.        ]
 [ 6.78961456 23.        ]]",[ 3.  9. 10. 16. 17.],0,0,0.0
38,41,10.0,"[[ 5.80505466  3.        ]
 [ 5.9026022   5.        ]
 [ 6.04322147  9.        ]
 [ 6.80556393 10.        ]
 [ 7.48389339 11.        ]
 [ 7.82293129 16.        ]
 [ 8.33317919 18.        ]
 [ 8.68954277 23.        ]
 [ 8.76086464 24.        ]]",[ 3.  5.  9. 10. 11.],1,1,0.25
39,42,0.0,"[[ 5.40869143  5.        ]
 [ 5.56315708  7.        ]
 [ 5.57008827  8.        ]
 [ 5.57745171  9.        ]
 [ 5.63290024 10.        ]
 [ 6.01481962 17.        ]
 [ 6.20367067 18.        ]
 [ 6.27127767 19.        ]
 [ 6.39791473 20.        ]
 [ 6.70732478 21.        ]
 [ 7.25709057 23.        ]
 [ 9.08102022 24.        ]
 [18.64058931 34.        ]]",[ 5.  7.  8.  9. 10.],0,0,0.0
40,43,10.0,"[[ 5.32769394  7.        ]
 [ 5.75953293  9.        ]
 [ 5.88914514 10.        ]
 [ 6.3287522  18.        ]
 [ 6.61369896 20.        ]
 [ 9.18052387 21.        ]
 [12.17353129 23.        ]
 [18.82948875 24.        ]]",[ 7.  9. 10. 18. 20.],1,1,0.3333333333333333
41,44,0.0,"[[ 4.52737236  7.        ]
 [ 5.39192128  8.        ]
 [ 5.85570955  9.        ]
 [ 6.19216251 10.        ]
 [ 6.36577034 11.        ]
 [ 6.38033206 13.        ]
 [ 6.77099514 15.        ]
 [ 6.83840923 16.        ]
 [ 7.02742945 17.        ]
 [ 8.47135162 19.        ]
 [10.26681042 20.        ]
 [10.36531289 23.        ]
 [11.61226654 24.        ]]",[ 7.  8.  9. 10. 11.],0,0,0.0
42,45,10.0,"[[ 4.75434351  3.        ]
 [ 5.30153322  7.        ]
 [ 5.75521374  9.        ]
 [ 5.80863857 10.        ]
 [ 6.2591536  12.        ]
 [ 6.54569864 17.        ]
 [ 7.17309475 18.        ]
 [ 7.95395064 19.        ]
 [ 8.62355042 20.        ]
 [ 9.16311669 21.        ]
 [12.42282041 23.        ]
 [17.38564301 24.        ]]",[ 3.  7.  9. 10. 12.],1,1,0.25
43,46,0.0,"[[ 3.0916496  10.        ]
 [ 3.26734889 11.        ]
 [ 3.44239815 13.        ]
 [ 4.59545051 16.        ]
 [ 4.67174053 18.        ]
 [ 5.19181538 20.        ]
 [ 6.73451424 23.        ]
 [ 7.48792839 24.        ]]",[10. 11. 13. 16. 18.],0,0,0.0
44,47,0.0,"[[ 5.16088058 20.        ]
 [ 6.37321806 21.        ]
 [ 6.48431683 23.        ]
 [ 8.35615382 24.        ]]",[20. 21. 23. 24.],0,1,0.0
45,48,0.0,"[[ 5.65580654  5.        ]
 [ 5.86843872  9.        ]
 [ 5.9372797  11.        ]
 [ 6.21042363 16.        ]
 [ 6.25586414 17.        ]
 [ 6.56264782 18.        ]
 [ 6.58063428 19.        ]
 [ 6.76274633 20.        ]
 [ 6.86573219 21.        ]
 [ 7.1538291  24.        ]]",[ 5.  9. 11. 16. 17.],0,0,0.0
46,49,0.0,"[[ 4.97953591  5.        ]
 [ 5.25795794  7.        ]
 [ 5.41215014  8.        ]
 [ 5.62681522  9.        ]
 [ 5.63080083 10.        ]
 [ 5.74769926 12.        ]
 [ 5.75887785 13.        ]
 [ 5.9703212  15.        ]
 [ 6.18858541 16.        ]
 [ 6.78791475 17.        ]
 [ 6.94715621 18.        ]
 [ 7.01562232 19.        ]
 [ 7.09552479 20.        ]
 [ 7.33962264 21.        ]
 [ 7.43275461 23.        ]
 [ 7.57792725 24.        ]
 [ 8.1277434  26.        ]
 [ 9.84605026 27.        ]]",[ 5.  7.  8.  9. 10.],0,0,0.0
47,51,10.0,"[[ 5.19041014  3.        ]
 [ 5.6074276   5.        ]
 [ 5.9819115   7.        ]
 [ 6.20458771  8.        ]
 [ 6.30043674  9.        ]
 [ 6.50474119 10.        ]
 [ 6.80822957 11.        ]
 [ 6.86999029 12.        ]
 [ 6.9486116  13.        ]
 [ 6.95390606 16.        ]
 [ 7.14627619 17.        ]
 [ 7.30047603 18.        ]
 [ 7.49973632 19.        ]
 [ 8.28891659 20.        ]
 [ 8.3297298  21.        ]
 [ 8.70773115 23.        ]
 [ 8.74222874 24.        ]
 [13.63929272 30.        ]]",[3. 5. 7. 8. 9.],0,0,0.0
48,52,0.0,"[[ 5.78818572  3.        ]
 [ 5.87872545  7.        ]
 [ 6.00459433  9.        ]
 [ 6.35216464 10.        ]
 [ 6.54668045 11.        ]
 [ 6.78490631 12.        ]
 [ 6.89632373 16.        ]
 [ 6.92706496 17.        ]
 [ 7.02234385 18.        ]
 [ 7.0369388  19.        ]
 [ 7.52187403 20.        ]
 [ 7.74047375 21.        ]
 [ 8.13126419 23.        ]
 [ 8.58552933 24.        ]]",[ 3.  7.  9. 10. 11.],0,0,0.0
49,53,10.0,"[[ 3.84090376  5.        ]
 [ 4.10753822  8.        ]
 [ 5.70715809  9.        ]
 [ 6.01461744 10.        ]
 [ 6.59553242 15.        ]
 [ 7.8866787  23.        ]
 [ 8.84540526 27.        ]]",[ 5.  8.  9. 10. 15.],1,1,0.25
50,54,10.0,"[[ 5.23880863  7.        ]
 [ 5.24790001  9.        ]
 [ 5.27563286 10.        ]
 [ 5.62174916 11.        ]
 [ 5.67488947 13.        ]
 [ 5.82070088 16.        ]
 [ 6.7720046  18.        ]
 [ 8.2516667  19.        ]
 [ 8.91353047 20.        ]
 [ 9.840312   23.        ]
 [13.1256665  24.        ]]",[ 7.  9. 10. 11. 13.],1,1,0.3333333333333333
51,55,0.0,"[[ 4.63969495  5.        ]
 [ 5.03174371  7.        ]
 [ 5.14154636  8.        ]
 [ 5.30230874  9.        ]
 [ 5.64941158 10.        ]
 [ 6.00681087 11.        ]
 [ 6.05101196 13.        ]
 [ 6.09732564 15.        ]
 [ 6.21856276 16.        ]
 [ 6.23184681 17.        ]
 [ 6.31692442 18.        ]
 [ 6.71754565 19.        ]
 [ 6.8011508  20.        ]
 [ 7.67203598 21.        ]
 [ 8.33538818 23.        ]
 [ 9.12188449 24.        ]
 [10.49197833 30.        ]
 [18.74087453 34.        ]]",[ 5.  7.  8.  9. 10.],0,0,0.0
52,56,10.0,"[[ 5.24681854  5.        ]
 [ 5.39404106  7.        ]
 [ 5.45073211  8.        ]
 [ 5.59677546  9.        ]
 [ 5.88758469 10.        ]
 [ 5.888731   11.        ]
 [ 5.91219902 13.        ]
 [ 5.91260183 16.        ]
 [ 6.09776545 18.        ]
 [ 6.18664821 19.        ]
 [ 6.25499439 20.        ]
 [ 6.43692875 21.        ]
 [ 7.18612385 23.        ]
 [ 7.50295729 24.        ]
 [ 9.40551726 26.        ]
 [10.17844677 34.        ]]",[ 5.  7.  8.  9. 10.],1,1,0.2
53,58,10.0,"[[ 3.99525785  1.        ]
 [ 4.28251517  7.        ]
 [ 4.96263409  8.        ]
 [ 5.67800128  9.        ]
 [ 5.98067045 10.        ]
 [ 7.03948927 13.        ]
 [ 7.73745918 18.        ]
 [ 8.20431137 21.        ]
 [16.74645424 23.        ]
 [19.97392654 24.        ]]",[ 1.  7.  8.  9. 10.],1,1,0.2
54,59,10.0,"[[ 4.71430898  5.        ]
 [ 4.94709873  9.        ]
 [ 5.17163801 10.        ]
 [ 5.2711997  11.        ]
 [ 5.75584483 17.        ]
 [ 5.88390446 18.        ]
 [ 6.03545094 19.        ]
 [ 6.2335914  20.        ]
 [ 6.72235775 21.        ]
 [ 7.95783949 23.        ]
 [11.47044929 24.        ]
 [11.60772142 34.        ]]",[ 5.  9. 10. 11. 17.],1,1,0.3333333333333333
55,60,10.0,"[[ 3.32650518  3.        ]
 [ 5.42543554  5.        ]
 [ 5.59868133  9.        ]
 [ 5.89876938 10.        ]
 [ 5.90924549 15.        ]
 [ 6.05258608 16.        ]
 [ 6.24565077 17.        ]
 [ 6.47683048 18.        ]
 [ 6.75116173 19.        ]
 [ 7.20681083 21.        ]
 [ 7.37082767 23.        ]
 [ 7.37715042 24.        ]
 [ 9.61473167 26.        ]]",[ 3.  5.  9. 10. 15.],1,1,0.25
56,61,0.0,"[[ 5.63254547  5.        ]
 [ 5.7779398   7.        ]
 [ 5.80397439  9.        ]
 [ 5.82092564 10.        ]
 [ 6.19027996 11.        ]
 [ 6.20809539 12.        ]
 [ 6.22887611 15.        ]
 [ 6.32120807 16.        ]
 [ 6.35945082 17.        ]
 [ 6.3872992  19.        ]
 [ 6.39635601 20.        ]
 [ 6.41473786 21.        ]
 [ 7.40616179 23.        ]
 [ 7.74805437 24.        ]]",[ 5.  7.  9. 10. 11.],0,0,0.0
57,62,10.0,"[[ 4.69273698  5.        ]
 [ 4.77786064 16.        ]
 [ 5.56687832 19.        ]
 [ 6.12826443 21.        ]
 [ 7.1907506  23.        ]]",[ 5. 16. 19. 21. 23.],0,0,0.0
58,63,0.0,"[[ 5.41704893  8.        ]
 [ 6.24336052  9.        ]
 [ 7.21871635 10.        ]
 [ 8.91117814 11.        ]
 [ 9.34466729 16.        ]
 [ 9.66805547 17.        ]
 [ 9.89812628 18.        ]
 [10.28829169 19.        ]
 [10.62063038 20.        ]
 [10.88045144 21.        ]
 [11.23051907 22.        ]
 [11.72618113 23.        ]
 [11.77643789 24.        ]
 [12.22281265 33.        ]
 [12.73492222 34.        ]]",[ 8.  9. 10. 11. 16.],0,0,0.0
59,64,0.0,"[[ 3.71272745  7.        ]
 [ 5.28684801  9.        ]
 [ 5.8315134  10.        ]
 [ 6.08779526 16.        ]
 [ 6.25779285 17.        ]
 [ 6.5697102  18.        ]
 [ 6.66346931 20.        ]
 [ 9.07687759 23.        ]]",[ 7.  9. 10. 16. 17.],0,0,0.0
60,65,0.0,"[[ 4.35756111  5.        ]
 [ 4.84904957  9.        ]
 [ 5.47699261 10.        ]
 [ 5.85937176 17.        ]
 [ 5.86223173 18.        ]
 [ 6.27888457 19.        ]
 [ 6.49350691 20.        ]
 [ 6.68435097 23.        ]
 [ 6.72296245 24.        ]]",[ 5.  9. 10. 17. 18.],0,0,0.0
61,66,10.0,"[[ 5.18422556  3.        ]
 [ 5.3714819   5.        ]
 [ 6.38032055  9.        ]
 [ 7.34965143 13.        ]
 [ 7.38759542 18.        ]
 [ 7.60764694 19.        ]
 [ 8.93966484 20.        ]
 [ 8.97711205 23.        ]
 [17.1728363  24.        ]]",[ 3.  5.  9. 13. 18.],0,0,0.0
62,67,10.0,"[[ 5.3267107   3.        ]
 [ 5.38451529  5.        ]
 [ 5.39008665  7.        ]
 [ 5.48517466  8.        ]
 [ 5.54975788  9.        ]
 [ 5.63791513 10.        ]
 [ 6.02512693 11.        ]
 [ 6.07834883 12.        ]
 [ 6.07883358 13.        ]
 [ 6.18902054 14.        ]
 [ 6.22377372 15.        ]
 [ 6.28849053 16.        ]
 [ 6.32917833 17.        ]
 [ 6.4632802  18.        ]
 [ 6.66017411 19.        ]
 [ 7.26664066 20.        ]
 [ 7.59443855 21.        ]
 [ 8.09836793 23.        ]
 [ 8.12938309 24.        ]
 [ 9.72881985 27.        ]
 [10.81907294 30.        ]
 [18.96046829 34.        ]]",[3. 5. 7. 8. 9.],0,0,0.0
63,68,10.0,"[[ 4.79145066  5.        ]
 [ 5.4002037   7.        ]
 [ 5.49755669 10.        ]
 [ 5.78444409 15.        ]
 [ 6.40480852 17.        ]
 [ 7.92815018 19.        ]
 [ 9.04240417 20.        ]
 [ 9.78735161 23.        ]
 [10.34397793 24.        ]]",[ 5.  7. 10. 15. 17.],1,1,0.3333333333333333
64,69,0.0,"[[ 5.45573052  1.        ]
 [ 5.54119015  5.        ]
 [ 5.5679987   9.        ]
 [ 6.02060795 10.        ]
 [ 6.50242949 11.        ]
 [ 6.50574615 15.        ]
 [ 6.77892267 16.        ]
 [ 6.97126293 18.        ]
 [ 7.32662916 19.        ]
 [ 7.36467695 20.        ]
 [ 8.38198303 21.        ]
 [ 8.82359903 23.        ]
 [11.98217201 24.        ]]",[ 1.  5.  9. 10. 11.],0,0,0.0
65,70,0.0,"[[ 4.87323713  1.        ]
 [ 5.3349902   3.        ]
 [ 5.36278725  4.        ]
 [ 5.431674    5.        ]
 [ 5.45562971  9.        ]
 [ 5.58901215 15.        ]
 [ 5.87547941 16.        ]
 [ 5.92578284 17.        ]
 [ 6.0059401  18.        ]
 [ 6.28173816 19.        ]
 [ 7.01435184 20.        ]
 [ 7.08431792 21.        ]
 [ 7.26956186 23.        ]
 [ 8.64452373 24.        ]]",[1. 3. 4. 5. 9.],0,1,0.0
66,71,10.0,"[[ 3.75146961  5.        ]
 [ 4.62850761  7.        ]
 [ 5.62544409  8.        ]
 [ 6.27579916  9.        ]
 [ 6.31791973 10.        ]
 [ 6.35648966 11.        ]
 [ 6.39835548 12.        ]
 [ 6.58836484 13.        ]
 [ 6.60023533 15.        ]
 [ 6.73602228 16.        ]
 [ 7.11957741 17.        ]
 [ 7.18222761 18.        ]
 [ 7.24126403 19.        ]
 [ 7.46717703 20.        ]
 [ 7.59289678 21.        ]
 [ 8.81449699 23.        ]
 [ 9.26434135 24.        ]
 [ 9.48551655 30.        ]
 [16.07159424 34.        ]]",[ 5.  7.  8.  9. 10.],1,1,0.2
67,72,10.0,"[[ 4.79614639  7.        ]
 [ 5.56994939  9.        ]
 [ 6.2360611  10.        ]
 [ 6.2708807  13.        ]
 [ 6.32746363 14.        ]
 [ 6.45295    18.        ]
 [ 7.25389338 19.        ]
 [ 8.47456769 20.        ]
 [ 8.81345987 23.        ]
 [15.1116581  24.        ]]",[ 7.  9. 10. 13. 14.],1,1,0.3333333333333333
68,73,10.0,"[[ 5.45888805  9.        ]
 [ 6.72705555 11.        ]
 [ 6.73354442 20.        ]
 [ 6.95312357 23.        ]
 [ 9.45346848 24.        ]]",[ 9. 11. 20. 23. 24.],0,0,0.0
69,74,10.0,"[[ 5.92505932  3.        ]
 [ 6.0466218  16.        ]
 [ 6.09805489 18.        ]
 [ 6.27985287 23.        ]
 [ 6.50565615 24.        ]
 [ 7.32183552 28.        ]]",[ 3. 16. 18. 23. 24.],0,0,0.0
70,75,0.0,"[[ 3.17980528  8.        ]
 [ 3.4114145   9.        ]
 [ 3.56253123 10.        ]
 [ 3.95763796 11.        ]
 [ 4.60414219 16.        ]
 [ 4.71920395 23.        ]
 [ 7.43597555 24.        ]
 [ 9.19616222 34.        ]]",[ 8.  9. 10. 11. 16.],0,0,0.0
71,76,0.0,"[[ 5.83929729  7.        ]
 [ 6.05530167 11.        ]
 [ 6.38306904 13.        ]
 [ 6.64868275 16.        ]
 [ 6.84915765 19.        ]
 [ 7.12645934 20.        ]
 [ 7.85732683 23.        ]
 [12.34236336 24.        ]]",[ 7. 11. 13. 16. 19.],0,0,0.0
72,77,0.0,"[[ 4.5656786   3.        ]
 [ 4.7126646   5.        ]
 [ 5.15047889  7.        ]
 [ 5.74250698  8.        ]
 [ 5.77367973  9.        ]
 [ 5.90286994 10.        ]
 [ 5.94365736 11.        ]
 [ 5.97925248 13.        ]
 [ 6.04417643 16.        ]
 [ 6.0749898  17.        ]
 [ 6.09548485 18.        ]
 [ 6.1649875  19.        ]
 [ 6.21471526 21.        ]
 [ 6.26517449 23.        ]
 [ 6.39692745 24.        ]
 [ 9.70829773 26.        ]
 [12.96551689 28.        ]
 [14.47456688 34.        ]]",[3. 5. 7. 8. 9.],0,1,0.0
73,78,0.0,"[[ 3.16079793  5.        ]
 [ 5.30483377  9.        ]
 [ 6.43832642 10.        ]
 [ 6.53899431 11.        ]
 [ 6.63268566 13.        ]
 [ 6.79329634 15.        ]
 [ 6.8107729  16.        ]
 [ 6.84676418 19.        ]
 [ 7.1451726  21.        ]
 [ 7.1564455  23.        ]
 [ 7.42066813 24.        ]]",[ 5.  9. 10. 11. 13.],0,0,0.0
74,79,0.0,"[[ 5.75602108  5.        ]
 [ 5.87370933  7.        ]
 [ 6.0269928   9.        ]
 [ 6.04439735 15.        ]
 [ 6.6599226  18.        ]
 [ 6.89648984 19.        ]
 [ 7.77602741 20.        ]
 [ 8.0192035  23.        ]
 [ 8.70960426 24.        ]]",[ 5.  7.  9. 15. 18.],0,1,0.0
75,80,0.0,"[[ 4.95111132  5.        ]
 [ 5.39965057  9.        ]
 [ 5.6733942  16.        ]
 [ 5.69860291 17.        ]
 [ 5.74110985 18.        ]
 [ 5.91748524 19.        ]
 [ 6.17650795 21.        ]
 [ 6.87734739 24.        ]
 [ 7.62373209 28.        ]]",[ 5.  9. 16. 17. 18.],0,1,0.0
76,81,10.0,"[[ 4.8745997   9.        ]
 [ 5.07487869 16.        ]
 [ 5.39052224 17.        ]
 [ 5.73221302 18.        ]
 [ 5.73477888 19.        ]
 [ 6.410532   20.        ]
 [ 7.38918972 21.        ]
 [ 7.49707699 23.        ]
 [14.3404274  24.        ]]",[ 9. 16. 17. 18. 19.],0,0,0.0
77,82,10.0,"[[ 5.39551377  9.        ]
 [ 5.91164303 10.        ]
 [ 6.16606712 12.        ]
 [ 6.21548653 18.        ]
 [ 6.83444977 20.        ]
 [ 6.97681427 21.        ]
 [ 8.04730797 23.        ]
 [19.46769333 24.        ]]",[ 9. 10. 12. 18. 20.],1,1,0.5
78,83,0.0,"[[ 5.64123281  3.        ]
 [ 5.68398523 11.        ]
 [ 5.77814627 13.        ]
 [ 5.8069723  16.        ]
 [ 5.97106875 17.        ]
 [ 6.00444523 18.        ]
 [ 6.38255978 19.        ]
 [ 6.88870978 20.        ]
 [ 8.43935633 21.        ]
 [ 8.61839128 23.        ]
 [11.98653308 24.        ]
 [14.2964325  33.        ]]",[ 3. 11. 13. 16. 17.],0,0,0.0
79,84,0.0,"[[ 4.81601238  5.        ]
 [ 4.97710085  7.        ]
 [ 5.01119637  9.        ]
 [ 5.28468227 10.        ]
 [ 5.440636   11.        ]
 [ 5.52602016 12.        ]
 [ 5.82435579 15.        ]
 [ 5.83112049 16.        ]
 [ 5.97422981 18.        ]
 [ 6.27384514 19.        ]
 [ 6.38209454 20.        ]
 [ 6.62649965 21.        ]
 [ 6.96241915 23.        ]
 [ 7.00748777 24.        ]
 [ 8.76952269 33.        ]
 [ 8.94307213 34.        ]]",[ 5.  7.  9. 10. 11.],0,0,0.0
80,85,10.0,"[[ 5.00721359 11.        ]
 [ 5.3479166  16.        ]
 [ 6.29530048 17.        ]
 [ 6.46158004 18.        ]
 [ 7.34283543 19.        ]
 [10.02996445 20.        ]
 [11.98099041 23.        ]
 [13.89825058 24.        ]]",[11. 16. 17. 18. 19.],0,0,0.0
81,86,10.0,"[[ 7.2756114   9.        ]
 [ 8.860672   13.        ]
 [ 9.87605858 19.        ]
 [10.9162817  21.        ]
 [11.85943794 23.        ]]",[ 9. 13. 19. 21. 23.],0,0,0.0
82,87,0.0,"[[ 5.09823608  3.        ]
 [ 5.44125375  5.        ]
 [ 6.00720634  7.        ]
 [ 6.13105249 16.        ]
 [ 6.4011621  17.        ]
 [ 7.99792287 19.        ]
 [ 8.33096353 20.        ]
 [ 8.83386648 21.        ]
 [ 9.20892084 23.        ]
 [ 9.22640228 24.        ]]",[ 3.  5.  7. 16. 17.],0,1,0.0
83,88,0.0,"[[ 4.08166027  5.        ]
 [ 4.93994564  7.        ]
 [ 5.15204006  8.        ]
 [ 5.22868787  9.        ]
 [ 5.67198515 10.        ]
 [ 6.27236652 18.        ]
 [ 7.8048892  21.        ]
 [ 8.49584238 23.        ]]",[ 5.  7.  8.  9. 10.],0,0,0.0
84,89,10.0,"[[ 4.11725116  5.        ]
 [ 4.92229033  7.        ]
 [ 5.39747244  9.        ]
 [ 5.71870098 10.        ]
 [ 5.85522163 11.        ]
 [ 5.88199396 13.        ]
 [ 5.93103695 15.        ]
 [ 6.09378266 16.        ]
 [ 6.10848268 17.        ]
 [ 6.277915   18.        ]
 [ 6.31103735 19.        ]
 [ 6.4370302  20.        ]
 [ 6.64971014 21.        ]
 [ 6.69504452 23.        ]
 [ 6.83239269 24.        ]
 [ 6.94708538 26.        ]
 [ 9.5458773  34.        ]]",[ 5.  7.  9. 10. 11.],1,1,0.25
85,90,10.0,"[[ 4.60326183  7.        ]
 [ 5.82164669 11.        ]
 [ 6.18735075 17.        ]
 [ 6.31864977 18.        ]
 [ 6.79590893 19.        ]
 [ 6.82072866 20.        ]
 [ 6.97722975 21.        ]
 [ 9.47497177 23.        ]
 [ 9.74261355 24.        ]]",[ 7. 11. 17. 18. 19.],0,0,0.0
86,92,0.0,"[[ 5.93267657  5.        ]
 [ 6.08968859  7.        ]
 [ 6.22970152  9.        ]
 [ 6.33578944 16.        ]
 [ 6.78224468 17.        ]
 [ 6.78876887 18.        ]
 [ 7.08035771 19.        ]
 [ 7.19034371 20.        ]
 [ 7.64250674 21.        ]
 [ 8.15355587 23.        ]
 [10.75064257 24.        ]]",[ 5.  7.  9. 16. 17.],0,1,0.0
87,93,10.0,"[[ 4.88896275  8.        ]
 [ 4.92917538  9.        ]
 [ 5.78732491 10.        ]
 [ 6.48294449 11.        ]
 [ 6.6103189  16.        ]
 [ 6.74427867 18.        ]
 [ 7.00487614 21.        ]
 [ 7.74097085 23.        ]
 [ 9.16580868 24.        ]]",[ 8.  9. 10. 11. 16.],1,1,0.3333333333333333
88,94,10.0,"[[ 5.67631801  3.        ]
 [ 5.71073627  5.        ]
 [ 6.47446473  7.        ]
 [ 6.60366058 20.        ]
 [ 7.00356007 23.        ]
 [11.71710587 24.        ]]",[ 3.  5.  7. 20. 23.],0,0,0.0
89,95,0.0,"[[ 4.84398835  5.        ]
 [ 5.63328688  7.        ]
 [ 5.67242708  8.        ]
 [ 5.68772578  9.        ]
 [ 5.76096586 10.        ]
 [ 5.80798458 11.        ]
 [ 5.91118323 13.        ]
 [ 6.07514818 16.        ]
 [ 6.1093502  17.        ]
 [ 6.30139351 18.        ]
 [ 6.31092507 19.        ]
 [ 6.72006671 20.        ]
 [ 6.7289864  21.        ]
 [ 6.75659056 23.        ]
 [ 8.79965364 24.        ]
 [10.38955695 26.        ]]",[ 5.  7.  8.  9. 10.],0,0,0.0
90,96,10.0,"[[ 5.39353609  9.        ]
 [ 5.64644086 10.        ]
 [ 6.39874887 11.        ]
 [13.56203079 23.        ]]",[ 9. 10. 11. 23.],1,1,0.5
91,97,0.0,"[[ 5.50406809  3.        ]
 [ 5.64478207  5.        ]
 [ 5.80170584  7.        ]
 [ 5.89150524  9.        ]
 [ 6.00378561 10.        ]
 [ 6.46317383 11.        ]
 [ 6.72978421 13.        ]
 [ 6.78190041 15.        ]
 [ 6.97889455 16.        ]
 [ 7.36859357 17.        ]
 [ 7.56464259 18.        ]
 [ 8.75903861 19.        ]
 [ 8.89041373 20.        ]
 [ 8.89041875 21.        ]
 [ 9.44408035 23.        ]
 [10.54040527 24.        ]]",[ 3.  5.  7.  9. 10.],0,0,0.0
92,98,0.0,"[[ 5.21163654  5.        ]
 [ 5.68254844  9.        ]
 [ 5.73964658 10.        ]
 [ 6.04126517 11.        ]
 [ 6.1025157  13.        ]
 [ 6.15892601 16.        ]
 [ 6.45382799 17.        ]
 [ 6.69967222 18.        ]
 [ 6.84125097 19.        ]
 [ 7.12714389 20.        ]
 [ 8.59492368 21.        ]
 [ 8.71722412 23.        ]
 [ 9.19092242 24.        ]
 [19.36499596 34.        ]]",[ 5.  9. 10. 11. 13.],0,0,0.0
93,99,0.0,"[[ 6.28471184  5.        ]
 [ 6.72744878  9.        ]
 [ 6.87850761 12.        ]
 [ 7.43920132 15.        ]
 [ 8.93139681 16.        ]
 [ 9.34367452 17.        ]
 [10.38867378 18.        ]
 [10.452154   19.        ]
 [10.62658056 20.        ]
 [11.13403273 21.        ]
 [11.39690065 23.        ]
 [12.88876454 24.        ]]",[ 5.  9. 12. 15. 16.],0,1,0.0
94,100,10.0,"[[ 4.11086321  7.        ]
 [ 5.4059906   9.        ]
 [ 5.43372488 13.        ]
 [ 5.58389378 16.        ]
 [ 6.26136827 18.        ]
 [ 6.53882933 20.        ]
 [ 6.92674351 21.        ]
 [ 7.23430777 23.        ]
 [ 8.28768444 24.        ]]",[ 7.  9. 13. 16. 18.],0,0,0.0
95,101,0.0,"[[ 3.62709586  8.        ]
 [ 5.86204433 15.        ]
 [ 6.09900752 18.        ]
 [ 6.26308823 19.        ]
 [ 6.81313419 21.        ]]",[ 8. 15. 18. 19. 21.],0,1,0.0
96,103,0.0,"[[ 5.11406708  3.        ]
 [ 6.3414588   5.        ]
 [ 6.52033424  7.        ]
 [ 6.65596724 10.        ]
 [ 6.73273921 18.        ]
 [ 6.8632946  19.        ]
 [ 7.09590149 20.        ]
 [10.53632561 21.        ]
 [11.13812447 23.        ]]",[ 3.  5.  7. 10. 18.],0,0,0.0
97,104,10.0,"[[ 3.8461051  10.        ]
 [ 4.80078411 16.        ]
 [ 5.45082251 21.        ]
 [ 6.85760593 23.        ]]",[10. 16. 21. 23.],1,1,1.0
98,105,10.0,"[[ 5.1118803   7.        ]
 [ 5.84300613 10.        ]
 [ 6.11045615 11.        ]
 [ 6.49994421 15.        ]
 [ 6.63542747 18.        ]
 [ 7.39382966 19.        ]
 [ 7.64106178 23.        ]
 [14.4449091  24.        ]]",[ 7. 10. 11. 15. 18.],1,1,0.5
99,106,10.0,"[[ 5.13938427  7.        ]
 [ 5.48827092  9.        ]
 [ 5.56387234 10.        ]
 [ 6.01391665 16.        ]
 [ 6.60705853 17.        ]
 [ 6.85950255 18.        ]
 [ 6.98627186 20.        ]
 [ 7.13958931 21.        ]
 [ 7.71740144 23.        ]
 [12.35436869 24.        ]
 [14.91692924 33.        ]]",[ 7.  9. 10. 16. 17.],1,1,0.3333333333333333
100,107,10.0,"[[ 4.63551235  5.        ]
 [ 5.34220886  9.        ]
 [ 5.35471082 11.        ]
 [ 6.17296028 13.        ]
 [ 6.38677677 16.        ]
 [ 7.12188911 17.        ]
 [ 7.13329053 18.        ]
 [ 7.15719525 19.        ]
 [ 7.58329868 20.        ]
 [ 8.38997841 23.        ]
 [ 8.75287533 24.        ]
 [ 8.93105793 33.        ]
 [19.21944237 34.        ]]",[ 5.  9. 11. 13. 16.],0,0,0.0
101,108,10.0,"[[ 5.52392673  3.        ]
 [ 5.6747262   5.        ]
 [ 6.13433957  7.        ]
 [ 6.19221115  9.        ]
 [ 6.24262261 10.        ]
 [ 6.29437104 11.        ]
 [ 6.41257453 12.        ]
 [ 6.61098862 16.        ]
 [ 6.71537004 17.        ]
 [ 6.94685082 18.        ]
 [ 6.95671266 19.        ]
 [ 7.34909773 20.        ]
 [ 7.45870209 21.        ]
 [ 7.89473292 23.        ]
 [14.31843567 24.        ]]",[ 3.  5.  7.  9. 10.],1,1,0.2
102,109,0.0,"[[ 4.36465001  5.        ]
 [ 4.68519488  7.        ]
 [ 5.50473404  9.        ]
 [ 5.55148888 10.        ]
 [ 6.23915704 16.        ]
 [ 6.2739296  19.        ]
 [ 6.5592823  20.        ]
 [ 6.55986337 23.        ]
 [ 6.70062351 24.        ]
 [ 8.05210781 30.        ]]",[ 5.  7.  9. 10. 16.],0,0,0.0
103,110,0.0,"[[ 3.93820581  5.        ]
 [ 4.06453691  7.        ]
 [ 4.17636156  8.        ]
 [ 4.36159795  9.        ]
 [ 4.88143765 10.        ]
 [ 5.29290104 11.        ]
 [ 5.47098287 13.        ]
 [ 5.53523993 16.        ]
 [ 5.72674109 17.        ]
 [ 5.79589114 18.        ]
 [ 5.93518019 19.        ]
 [ 5.93599606 20.        ]
 [ 5.94932702 21.        ]
 [ 5.99705668 23.        ]
 [ 6.03307196 24.        ]
 [ 6.11099865 27.        ]
 [ 6.16236699 34.        ]]",[ 5.  7.  8.  9. 10.],0,0,0.0
104,111,0.0,"[[ 5.70512309  5.        ]
 [ 6.41137886 19.        ]
 [ 7.18428983 20.        ]
 [ 7.57018604 23.        ]
 [ 7.81484871 24.        ]]",[ 5. 19. 20. 23. 24.],0,1,0.0
105,112,0.0,"[[ 3.98997569 11.        ]
 [ 4.05936174 17.        ]
 [ 5.89468122 18.        ]
 [ 5.90550232 19.        ]
 [ 5.9153223  20.        ]
 [ 6.19910908 21.        ]
 [ 6.39766925 23.        ]]",[11. 17. 18. 19. 20.],0,0,0.0
106,113,0.0,"[[ 4.21099472  5.        ]
 [ 5.0888435   7.        ]
 [ 5.12669007  8.        ]
 [ 5.15311241  9.        ]
 [ 5.16975594 10.        ]
 [ 6.07866573 11.        ]
 [ 6.22313135 13.        ]
 [ 6.49485174 15.        ]
 [ 6.73449271 16.        ]
 [ 7.00910091 17.        ]
 [ 7.1640718  18.        ]
 [ 7.68775576 19.        ]
 [ 8.45337306 20.        ]
 [ 8.62545395 21.        ]
 [ 8.63509495 23.        ]
 [ 8.73186599 24.        ]]",[ 5.  7.  8.  9. 10.],0,0,0.0
107,114,0.0,"[[ 4.23358631  5.        ]
 [ 4.96653562  8.        ]
 [ 5.77726221  9.        ]
 [ 6.03295135 13.        ]
 [ 6.23775975 16.        ]
 [ 6.57741686 17.        ]
 [ 6.92094517 18.        ]
 [ 7.05719461 19.        ]
 [ 7.2278777  20.        ]
 [ 7.58973312 21.        ]
 [ 8.1515522  23.        ]]",[ 5.  8.  9. 13. 16.],0,1,0.0
108,115,0.0,"[[ 4.07715559  3.        ]
 [ 4.70785718  5.        ]
 [ 5.36481647  7.        ]
 [ 5.41189893  8.        ]
 [ 5.55924225  9.        ]
 [ 5.59931564 10.        ]
 [ 5.70152497 11.        ]
 [ 5.73047631 12.        ]
 [ 6.069487   13.        ]
 [ 6.12358507 16.        ]
 [ 6.36417942 17.        ]
 [ 6.76165605 18.        ]
 [ 7.73755132 19.        ]
 [ 7.77128029 20.        ]
 [ 8.55710039 21.        ]
 [ 9.32843405 23.        ]
 [12.90640551 24.        ]
 [14.30738831 34.        ]]",[3. 5. 7. 8. 9.],0,1,0.0
109,116,10.0,"[[ 4.75570202  5.        ]
 [ 5.05239773  9.        ]
 [ 6.00574493 10.        ]
 [ 9.36274195 16.        ]
 [ 9.73426485 23.        ]]",[ 5.  9. 10. 16. 23.],1,1,0.3333333333333333
110,117,0.0,"[[ 4.4799366   5.        ]
 [ 5.39842987  7.        ]
 [ 5.43172848  9.        ]
 [ 5.74948657 11.        ]
 [ 5.95186507 13.        ]
 [ 6.34022808 16.        ]
 [ 6.45738735 17.        ]
 [ 6.5398887  18.        ]
 [ 6.70390463 19.        ]
 [ 8.92058468 20.        ]
 [ 9.35451603 21.        ]
 [10.6673162  23.        ]
 [11.54864216 24.        ]]",[ 5.  7.  9. 11. 13.],0,0,0.0
111,118,10.0,"[[ 5.81631613  7.        ]
 [ 6.7024916   9.        ]
 [ 7.00886933 10.        ]
 [ 7.0145607  11.        ]
 [ 7.09186029 13.        ]
 [ 7.10588026 16.        ]
 [ 7.42164471 20.        ]
 [ 8.02157192 21.        ]
 [11.20285964 23.        ]
 [12.55064678 24.        ]]",[ 7.  9. 10. 11. 13.],1,1,0.3333333333333333
112,119,10.0,"[[ 5.93646622  7.        ]
 [ 5.99236393  8.        ]
 [ 6.31162357  9.        ]
 [ 6.5160656  10.        ]
 [ 6.69102224 13.        ]
 [ 6.79302645 19.        ]
 [ 7.08682807 23.        ]
 [ 9.89207876 24.        ]]",[ 7.  8.  9. 10. 13.],1,1,0.25
113,120,0.0,"[[ 3.41407299  5.        ]
 [ 3.55004263  8.        ]
 [ 3.57616838 11.        ]
 [ 5.22070694 17.        ]
 [ 6.32573652 18.        ]
 [ 6.39090559 20.        ]
 [ 6.57418871 23.        ]
 [ 7.03272915 24.        ]]",[ 5.  8. 11. 17. 18.],0,0,0.0
114,121,0.0,"[[ 2.71602559 10.        ]
 [ 2.78542948 11.        ]
 [ 5.50041962 13.        ]
 [ 5.5544796  17.        ]
 [ 5.97253346 18.        ]
 [ 6.35039711 19.        ]
 [ 6.51390191 20.        ]
 [ 6.71640205 21.        ]]",[10. 11. 13. 17. 18.],0,0,0.0
115,122,0.0,"[[ 5.6499424   5.        ]
 [ 6.29457664  7.        ]
 [ 6.45008564  9.        ]
 [ 6.49646976 10.        ]
 [ 7.34280109 16.        ]
 [ 7.6546427  17.        ]
 [ 7.66478395 18.        ]
 [ 7.66793413 19.        ]
 [ 7.85983276 20.        ]
 [ 8.02183568 21.        ]
 [ 8.99503958 23.        ]
 [ 9.24289227 24.        ]]",[ 5.  7.  9. 10. 16.],0,0,0.0
116,123,10.0,"[[ 4.70965099  5.        ]
 [ 5.42356396  9.        ]
 [ 5.84167004 10.        ]
 [ 5.92671728 18.        ]
 [ 6.07938576 20.        ]
 [ 6.33627391 24.        ]
 [ 9.41377125 26.        ]]",[ 5.  9. 10. 18. 20.],1,1,0.3333333333333333
117,124,10.0,"[[ 5.37199561  3.        ]
 [ 5.47921968  5.        ]
 [ 5.50328509  7.        ]
 [ 5.56342173  9.        ]
 [ 6.08126918 10.        ]
 [ 6.10077715 11.        ]
 [ 6.11951959 13.        ]
 [ 6.21224607 16.        ]
 [ 6.2198478  17.        ]
 [ 6.44000087 18.        ]
 [ 6.78678266 19.        ]
 [ 7.3688097  20.        ]
 [ 7.72823938 21.        ]
 [ 7.84125614 23.        ]
 [ 9.28267407 24.        ]
 [19.32541275 34.        ]]",[ 3.  5.  7.  9. 10.],1,1,0.2
118,125,0.0,"[[ 2.85727644  5.        ]
 [ 4.72583151  7.        ]
 [ 6.1248854   8.        ]
 [ 6.20249285  9.        ]
 [ 6.42484668 10.        ]
 [ 6.49744169 11.        ]
 [ 6.58343772 13.        ]
 [ 8.22509371 16.        ]
 [ 8.72042424 18.        ]
 [ 9.14952664 19.        ]
 [ 9.95699386 21.        ]
 [18.18720627 23.        ]
 [18.84587479 24.        ]
 [19.44814873 34.        ]]",[ 5.  7.  8.  9. 10.],0,0,0.0
119,126,0.0,"[[ 4.18341084  5.        ]
 [ 4.23928467  7.        ]
 [ 5.13062859  8.        ]
 [ 6.01712926  9.        ]
 [ 6.08058572 10.        ]
 [ 6.34699288 11.        ]
 [ 6.36050873 13.        ]
 [ 6.42434216 16.        ]
 [ 6.46762657 17.        ]
 [ 6.60575795 18.        ]
 [ 6.72154737 19.        ]
 [ 6.7747815  20.        ]
 [ 6.78553867 23.        ]
 [ 7.14237309 24.        ]
 [ 7.35860395 30.        ]
 [ 7.71526432 34.        ]]",[ 5.  7.  8.  9. 10.],0,0,0.0
120,127,0.0,"[[ 4.61240983  1.        ]
 [ 4.82971064  3.        ]
 [ 5.83187962  5.        ]
 [ 6.21496105  7.        ]
 [ 6.45870161 10.        ]
 [ 6.5365572  11.        ]
 [ 6.64522839 16.        ]
 [ 6.73440838 17.        ]
 [ 7.45840483 18.        ]
 [ 7.98465967 19.        ]
 [ 8.2543607  21.        ]
 [12.55594802 24.        ]]",[ 1.  3.  5.  7. 10.],0,0,0.0
121,128,10.0,"[[ 4.39414907  3.        ]
 [ 4.65303516  7.        ]
 [ 5.20944118  8.        ]
 [ 5.41114902  9.        ]
 [ 5.72057772 10.        ]
 [ 5.9731679  13.        ]
 [ 6.19021893 16.        ]
 [ 6.60942841 17.        ]
 [ 6.80148029 23.        ]
 [ 7.45639944 24.        ]]",[ 3.  7.  8.  9. 10.],1,1,0.2
122,129,10.0,"[[ 4.95637941  5.        ]
 [ 5.00612926  8.        ]
 [ 5.0313592  10.        ]
 [ 5.68369484 11.        ]
 [ 5.75499646 16.        ]
 [ 5.80427265 17.        ]
 [ 6.06050873 18.        ]
 [ 6.82326555 19.        ]
 [ 7.58907461 20.        ]
 [ 8.95413494 23.        ]
 [ 9.18786144 24.        ]
 [ 9.70826406 26.        ]
 [12.08920193 27.        ]]",[ 5.  8. 10. 11. 16.],1,1,0.3333333333333333
123,130,0.0,"[[ 5.47275432  9.        ]
 [ 5.69400845 10.        ]
 [ 5.86195529 11.        ]
 [ 6.17875865 13.        ]
 [ 6.20124269 16.        ]
 [ 6.27600241 17.        ]
 [ 6.49026442 18.        ]
 [ 6.49798775 19.        ]
 [ 6.58030796 20.        ]
 [ 9.68493938 21.        ]
 [17.49645811 23.        ]
 [18.71455383 24.        ]
 [19.24990845 34.        ]]",[ 9. 10. 11. 13. 16.],0,0,0.0
124,131,0.0,"[[ 2.6347543   5.        ]
 [ 3.19969988  9.        ]
 [ 5.15668106 10.        ]
 [ 5.42232174 18.        ]
 [ 5.70671463 20.        ]
 [ 6.27038336 21.        ]
 [ 6.69510031 23.        ]
 [ 6.78348207 33.        ]]",[ 5.  9. 10. 18. 20.],0,0,0.0
125,132,10.0,"[[ 5.40500975  7.        ]
 [ 6.57942772 10.        ]
 [ 6.76340199 12.        ]
 [ 7.02425671 16.        ]
 [ 7.32436943 18.        ]
 [ 7.68300724 20.        ]
 [ 8.89100266 23.        ]
 [11.76144218 24.        ]]",[ 7. 10. 12. 16. 18.],1,1,0.5
126,133,0.0,"[[ 3.19238949  7.        ]
 [ 4.79016209  8.        ]
 [ 4.89345741  9.        ]
 [ 5.08887625 10.        ]
 [ 5.31349442 11.        ]
 [ 6.02339649 15.        ]
 [ 6.13373892 16.        ]
 [ 6.4054149  17.        ]
 [ 6.67582893 18.        ]
 [ 6.78198428 19.        ]
 [ 7.45801488 20.        ]
 [ 7.52602768 21.        ]
 [ 7.64438581 23.        ]
 [ 7.66867793 24.        ]
 [ 7.82730937 27.        ]]",[ 7.  8.  9. 10. 11.],0,0,0.0
127,134,0.0,"[[ 3.28435564  7.        ]
 [ 3.6317513   8.        ]
 [ 4.08821464  9.        ]
 [ 5.05108023 10.        ]
 [ 5.30995083 13.        ]
 [ 5.4222126  16.        ]
 [ 5.55852556 19.        ]
 [ 6.57470942 20.        ]
 [ 6.64370608 23.        ]
 [ 6.89542603 24.        ]
 [ 7.11246347 34.        ]]",[ 7.  8.  9. 10. 13.],0,0,0.0
128,135,0.0,"[[ 3.11320114  5.        ]
 [ 4.61082779  7.        ]
 [ 5.5002327   8.        ]
 [ 5.61091328  9.        ]
 [ 5.78582541 10.        ]
 [ 5.87049961 15.        ]
 [ 5.94081227 16.        ]
 [ 6.30169455 17.        ]
 [ 6.36048476 18.        ]
 [ 6.36871576 20.        ]
 [ 6.45619678 23.        ]
 [ 6.6275599  24.        ]]",[ 5.  7.  8.  9. 10.],0,0,0.0
129,136,10.0,"[[ 5.60028398  2.        ]
 [ 5.60967445  3.        ]
 [ 5.75268978  7.        ]
 [ 6.6746819   8.        ]
 [ 6.83549722  9.        ]
 [ 7.20083427 10.        ]
 [ 7.23194186 11.        ]
 [ 7.24243696 12.        ]
 [ 7.53616533 16.        ]
 [ 7.88037096 17.        ]
 [ 8.29336715 18.        ]
 [ 8.38554573 19.        ]
 [11.88318181 20.        ]
 [13.85830879 21.        ]
 [14.17572784 23.        ]
 [18.73706055 24.        ]]",[2. 3. 7. 8. 9.],0,0,0.0
130,137,0.0,"[[ 4.83036113  1.        ]
 [ 4.84810066  3.        ]
 [ 5.26880598  5.        ]
 [ 5.30062246  7.        ]
 [ 5.36011176  9.        ]
 [ 5.37318115 10.        ]
 [ 5.42080927 11.        ]
 [ 5.52934217 13.        ]
 [ 5.73456764 15.        ]
 [ 5.77416623 16.        ]
 [ 5.80198288 18.        ]
 [ 5.82989797 20.        ]
 [ 6.03132657 21.        ]
 [ 8.2920942  23.        ]
 [ 8.94865417 24.        ]
 [ 9.30313587 27.        ]
 [ 9.733464   30.        ]]",[1. 3. 5. 7. 9.],0,1,0.0
131,138,0.0,"[[ 5.56946111  5.        ]
 [ 5.75594115  7.        ]
 [ 6.02955937  9.        ]
 [ 6.34142033 10.        ]
 [ 6.64680767 11.        ]
 [ 6.66129231 16.        ]
 [ 7.28012506 18.        ]
 [ 7.59496832 19.        ]
 [11.44886434 20.        ]
 [12.74499464 23.        ]
 [19.31063843 24.        ]]",[ 5.  7.  9. 10. 11.],0,0,0.0
132,139,10.0,"[[ 3.98472977  7.        ]
 [ 4.38203812  8.        ]
 [ 5.28600359  9.        ]
 [ 5.54255772 11.        ]
 [ 5.8821249  15.        ]
 [ 6.29976797 16.        ]
 [ 6.82265425 17.        ]
 [ 7.08677435 18.        ]
 [ 7.26772086 19.        ]
 [ 7.63653338 20.        ]
 [ 7.82948637 21.        ]
 [ 7.94997034 23.        ]
 [ 8.14717531 24.        ]
 [ 8.4829073  26.        ]
 [ 8.51502705 28.        ]
 [ 9.16739702 30.        ]
 [10.81818255 34.        ]]",[ 7.  8.  9. 11. 15.],0,0,0.0
133,140,0.0,"[[ 5.0684166   7.        ]
 [ 5.3800005   9.        ]
 [ 5.47836828 15.        ]
 [ 6.57721138 23.        ]
 [ 6.58599415 24.        ]]",[ 7.  9. 15. 23. 24.],0,1,0.0
134,141,0.0,"[[ 4.95364952  1.        ]
 [ 5.19912624  5.        ]
 [ 5.35789728  7.        ]
 [ 5.50293207  8.        ]
 [ 5.63342476  9.        ]
 [ 5.7544731  11.        ]
 [ 5.81680775 12.        ]
 [ 5.8184042  15.        ]
 [ 5.87564629 17.        ]
 [ 6.25878265 18.        ]
 [ 6.29020882 19.        ]
 [ 7.05986134 20.        ]
 [ 7.10596826 21.        ]
 [ 7.50513363 23.        ]
 [ 7.70924783 24.        ]
 [ 7.87756282 27.        ]
 [ 8.00017916 34.        ]]",[1. 5. 7. 8. 9.],0,1,0.0
135,142,10.0,"[[ 5.81886101 17.        ]
 [ 6.97535133 18.        ]
 [ 8.75215816 19.        ]
 [ 9.14605784 21.        ]
 [12.84647942 23.        ]
 [15.78481706 24.        ]]",[17. 18. 19. 21. 23.],0,0,0.0
136,143,0.0,"[[ 6.73640537  3.        ]
 [ 9.6389761   7.        ]
 [11.79582596  9.        ]
 [12.32889774 13.        ]
 [13.25234652 15.        ]
 [15.41923298 19.        ]
 [15.96392822 20.        ]
 [17.78796625 23.        ]
 [18.76718292 24.        ]]",[ 3.  7.  9. 13. 15.],0,1,0.0
137,144,10.0,"[[ 5.37253952  5.        ]
 [ 5.49443531  7.        ]
 [ 5.57284427  9.        ]
 [ 5.91856289 11.        ]
 [ 6.14422417 16.        ]
 [ 6.34420617 17.        ]
 [ 6.70000005 19.        ]
 [ 7.15255928 21.        ]
 [ 8.28428602 23.        ]
 [11.58350849 24.        ]]",[ 5.  7.  9. 11. 16.],0,0,0.0
138,145,0.0,"[[ 3.0173465   5.        ]
 [ 3.87601042  7.        ]
 [ 3.93678935  9.        ]
 [ 5.19831594 10.        ]
 [ 5.46373844 16.        ]
 [ 5.70631886 18.        ]
 [ 5.75620651 20.        ]
 [ 5.89138889 24.        ]]",[ 5.  7.  9. 10. 16.],0,0,0.0
139,146,0.0,"[[ 4.90213633  9.        ]
 [ 5.17281103 10.        ]
 [ 5.33201836 11.        ]
 [ 5.62571383 15.        ]
 [ 5.99178839 16.        ]
 [ 6.10377979 17.        ]
 [ 6.48786449 18.        ]
 [ 6.83953571 19.        ]
 [ 8.60710362 21.        ]
 [ 9.75124168 23.        ]
 [10.09854507 24.        ]]",[ 9. 10. 11. 15. 16.],0,0,0.0
140,147,0.0,"[[ 3.1175139   3.        ]
 [ 4.57865901  5.        ]
 [ 5.11682193  9.        ]
 [ 5.23217697 10.        ]
 [ 5.27596087 11.        ]
 [ 5.3578124  13.        ]
 [ 5.36693392 16.        ]
 [ 5.38870811 17.        ]
 [ 5.49905539 18.        ]
 [ 5.62525415 19.        ]
 [ 5.89049563 20.        ]
 [ 6.02546978 21.        ]
 [ 6.07396812 23.        ]
 [ 6.92967966 24.        ]]",[ 3.  5.  9. 10. 11.],0,0,0.0
141,148,10.0,"[[ 5.10408211  8.        ]
 [ 5.38143444  9.        ]
 [ 5.69410706 10.        ]
 [ 6.09568453 11.        ]
 [ 6.13012934 18.        ]
 [ 6.24366188 20.        ]
 [ 6.28442347 21.        ]
 [ 7.04033327 23.        ]
 [ 8.11548257 24.        ]]",[ 8.  9. 10. 11. 18.],1,1,0.3333333333333333
142,149,0.0,"[[ 5.507061    5.        ]
 [ 5.74582558  7.        ]
 [ 5.80371785  8.        ]
 [ 5.81317139  9.        ]
 [ 6.63407326 10.        ]
 [ 7.05641472 11.        ]
 [ 7.19253349 13.        ]
 [ 7.29468486 15.        ]
 [ 7.66084957 16.        ]
 [ 8.06187884 19.        ]
 [ 8.22812653 20.        ]
 [ 8.90253639 21.        ]
 [10.38496494 23.        ]
 [16.97724562 24.        ]]",[ 5.  7.  8.  9. 10.],0,0,0.0
143,150,0.0,"[[ 5.97131868  3.        ]
 [ 6.00027668  7.        ]
 [ 6.87657629  9.        ]
 [ 7.58563709 10.        ]
 [ 8.01388931 11.        ]
 [ 8.02499008 15.        ]
 [ 8.25333624 16.        ]
 [ 8.48139    17.        ]
 [ 9.0958122  19.        ]
 [ 9.36544131 20.        ]
 [ 9.5484151  21.        ]
 [14.87518501 23.        ]
 [16.05073166 24.        ]
 [17.33659744 34.        ]]",[ 3.  7.  9. 10. 11.],0,0,0.0
144,151,0.0,"[[ 5.27735591  5.        ]
 [ 5.78889418  7.        ]
 [ 6.11044836  9.        ]
 [ 6.34352112 11.        ]
 [ 6.37671375 12.        ]
 [ 6.5893712  17.        ]
 [ 6.84006119 18.        ]
 [ 6.97467936 19.        ]
 [ 7.29711612 21.        ]
 [ 7.34375668 23.        ]
 [ 9.08879681 24.        ]
 [18.37692642 34.        ]]",[ 5.  7.  9. 11. 12.],0,0,0.0
145,152,0.0,"[[ 5.65304351  5.        ]
 [ 5.68977795  9.        ]
 [ 5.72385073 10.        ]
 [ 5.76511383 15.        ]
 [ 5.88403797 16.        ]
 [ 6.28859711 17.        ]
 [ 6.93142366 18.        ]
 [ 7.73923621 19.        ]
 [ 8.04711132 23.        ]
 [ 8.08661178 24.        ]
 [19.81381226 34.        ]]",[ 5.  9. 10. 15. 16.],0,0,0.0
146,153,0.0,"[[ 4.13973808  7.        ]
 [ 5.61836767 10.        ]
 [ 5.68525887 11.        ]
 [ 6.41647053 16.        ]
 [ 7.05384445 19.        ]
 [ 7.13025188 23.        ]
 [ 7.58060051 24.        ]
 [17.71847153 34.        ]]",[ 7. 10. 11. 16. 19.],0,0,0.0
147,154,0.0,"[[ 5.19240856  5.        ]
 [ 5.4547677  10.        ]
 [ 5.8323555  11.        ]
 [ 7.30879784 12.        ]
 [ 7.41361046 15.        ]
 [ 7.53630161 16.        ]
 [ 9.1009922  19.        ]
 [ 9.55225849 20.        ]
 [ 9.9483694  23.        ]
 [11.85084184 24.        ]]",[ 5. 10. 11. 12. 15.],0,0,0.0
148,155,0.0,"[[ 5.35706151  5.        ]
 [ 5.65806389  9.        ]
 [ 5.72003317 10.        ]
 [ 5.76147318 16.        ]
 [ 6.16796282 17.        ]
 [ 6.27930079 18.        ]
 [ 6.3361623  19.        ]
 [ 6.87320805 20.        ]
 [ 7.15240203 21.        ]
 [ 7.30775261 23.        ]
 [ 8.36951208 24.        ]]",[ 5.  9. 10. 16. 17.],0,0,0.0
149,157,10.0,"[[ 5.25701022  5.        ]
 [ 5.26243877 11.        ]
 [ 5.38303375 16.        ]
 [ 5.57417917 17.        ]
 [ 5.66705799 18.        ]
 [ 6.20376158 19.        ]
 [ 6.33569431 20.        ]
 [ 6.69653511 21.        ]
 [ 9.86865616 23.        ]]",[ 5. 11. 16. 17. 18.],0,0,0.0
150,158,0.0,"[[ 5.20759853  3.        ]
 [ 5.60855103  5.        ]
 [ 5.80776548  7.        ]
 [ 6.54362531  8.        ]
 [ 6.91870427  9.        ]
 [ 7.25760358 10.        ]
 [ 7.4602035  11.        ]
 [ 8.1114923  13.        ]
 [ 8.23535025 15.        ]
 [ 8.52172399 16.        ]
 [ 8.93825652 17.        ]
 [ 8.9973189  18.        ]
 [ 9.13966012 19.        ]
 [10.36092942 20.        ]
 [10.55796312 21.        ]
 [10.79753237 23.        ]
 [15.23944473 24.        ]]",[3. 5. 7. 8. 9.],0,1,0.0
151,160,0.0,"[[ 3.22050905  5.        ]
 [ 4.42271693 10.        ]
 [ 6.08843776 16.        ]
 [ 6.2233901  17.        ]
 [ 6.2513786  18.        ]
 [ 6.29359818 19.        ]
 [ 6.39298611 20.        ]
 [ 6.47601891 23.        ]
 [ 6.98524189 24.        ]
 [ 7.09081999 33.        ]]",[ 5. 10. 16. 17. 18.],0,0,0.0
152,161,10.0,"[[ 5.40218067  7.        ]
 [ 5.53773785  9.        ]
 [ 6.18776751 10.        ]
 [ 6.32688586 11.        ]
 [ 6.44003963 16.        ]
 [ 6.67433548 18.        ]
 [ 7.64942869 19.        ]
 [ 7.95005512 21.        ]
 [ 8.46094561 23.        ]
 [ 9.07970095 24.        ]
 [ 9.20748138 26.        ]]",[ 7.  9. 10. 11. 16.],1,1,0.3333333333333333
153,162,10.0,"[[ 3.72525533  5.        ]
 [ 4.66899753  9.        ]
 [ 5.4077345  10.        ]
 [ 5.66596889 11.        ]
 [ 5.723037   17.        ]
 [ 5.7981329  18.        ]
 [ 5.98816967 20.        ]
 [ 6.10386133 21.        ]
 [ 6.62993252 23.        ]
 [ 7.41832447 24.        ]
 [ 8.13978434 26.        ]]",[ 5.  9. 10. 11. 17.],1,1,0.3333333333333333
154,163,0.0,"[[ 5.0181632   5.        ]
 [ 5.78349364  7.        ]
 [ 5.83716775  9.        ]
 [ 5.89379274 10.        ]
 [ 6.12852611 11.        ]
 [ 6.17054476 13.        ]
 [ 6.19914408 16.        ]
 [ 6.20538995 17.        ]
 [ 6.21287489 18.        ]
 [ 6.29182142 19.        ]
 [ 7.00235978 20.        ]
 [ 9.97442819 21.        ]
 [10.99959546 23.        ]
 [16.77092812 24.        ]
 [19.59703445 34.        ]]",[ 5.  7.  9. 10. 11.],0,0,0.0
155,164,10.0,"[[ 5.94996071  7.        ]
 [ 6.00269127 17.        ]
 [ 7.0556426  18.        ]
 [ 7.6111846  19.        ]
 [ 8.75531753 20.        ]
 [12.79019222 23.        ]
 [13.20952654 24.        ]]",[ 7. 17. 18. 19. 20.],0,0,0.0
156,165,10.0,"[[ 4.32236767  9.        ]
 [ 4.94276524 10.        ]
 [ 5.20479679 11.        ]
 [ 5.66763449 13.        ]
 [ 7.38045061 19.        ]
 [ 9.09160042 20.        ]
 [10.1356039  23.        ]
 [11.77512407 24.        ]]",[ 9. 10. 11. 13. 19.],1,1,0.5
157,166,0.0,"[[ 4.32028818  1.        ]
 [ 5.28646088  3.        ]
 [ 5.77886016  5.        ]
 [ 6.17832851  7.        ]
 [ 6.30320491  8.        ]
 [ 6.39915858  9.        ]
 [ 6.43966998 10.        ]
 [ 6.52242947 11.        ]
 [ 6.54848719 13.        ]
 [ 7.05804935 16.        ]
 [ 7.10107153 17.        ]
 [ 7.26694989 18.        ]
 [ 7.45273876 19.        ]
 [ 7.46592758 20.        ]
 [ 8.48157703 21.        ]
 [ 8.59908104 23.        ]
 [ 8.65756561 24.        ]
 [10.89628392 26.        ]]",[1. 3. 5. 7. 8.],0,1,0.0
158,167,0.0,"[[ 5.56800158  5.        ]
 [ 5.75672832  7.        ]
 [ 6.05255497  9.        ]
 [ 6.46680774 10.        ]
 [ 7.48933973 16.        ]
 [ 7.50889818 17.        ]
 [ 7.53381858 18.        ]
 [ 7.65430619 19.        ]
 [ 8.39092903 20.        ]
 [ 8.41068769 21.        ]
 [ 9.51619404 23.        ]
 [10.10773346 24.        ]
 [19.17831312 34.        ]]",[ 5.  7.  9. 10. 16.],0,0,0.0
159,169,0.0,"[[ 4.41066647  5.        ]
 [ 4.64182663  9.        ]
 [ 4.72782364 10.        ]
 [ 4.8350563  11.        ]
 [ 5.32415839 13.        ]
 [ 5.41718954 16.        ]
 [ 5.49838172 17.        ]
 [ 5.62946701 18.        ]
 [ 5.7925539  19.        ]
 [ 5.88348317 20.        ]
 [ 6.05212641 21.        ]
 [ 6.07120075 23.        ]
 [ 6.37866243 24.        ]
 [ 7.95437384 27.        ]]",[ 5.  9. 10. 11. 13.],0,0,0.0
160,170,0.0,"[[ 3.38190381  3.        ]
 [ 4.85757828  9.        ]
 [ 4.94763851 10.        ]
 [ 5.30982668 15.        ]
 [ 5.31850624 16.        ]
 [ 5.45072778 17.        ]
 [ 5.49067783 18.        ]
 [ 5.52554631 19.        ]
 [ 5.52574954 20.        ]
 [ 5.67577396 21.        ]
 [ 5.69385719 23.        ]
 [ 7.2237916  24.        ]
 [ 7.95501363 33.        ]]",[ 3.  9. 10. 15. 16.],0,0,0.0
161,171,10.0,"[[ 5.48662949  3.        ]
 [ 5.6087842   7.        ]
 [ 6.02760077  9.        ]
 [ 6.6345048  10.        ]
 [ 6.64420064 16.        ]
 [ 6.91713142 18.        ]
 [ 7.17169189 19.        ]
 [ 7.18169994 20.        ]
 [ 7.77811797 23.        ]
 [11.87908888 24.        ]]",[ 3.  7.  9. 10. 16.],1,1,0.25
162,172,0.0,"[[ 4.99651575  7.        ]
 [ 5.20091844  9.        ]
 [ 5.21158957 10.        ]
 [ 5.24460745 13.        ]
 [ 5.31365585 15.        ]
 [ 5.70286179 16.        ]
 [ 6.54682118 18.        ]
 [ 7.24090138 19.        ]
 [ 7.62370197 20.        ]
 [ 8.13842583 21.        ]
 [ 9.42964858 23.        ]
 [14.34142494 24.        ]]",[ 7.  9. 10. 13. 15.],0,0,0.0
163,173,0.0,"[[ 5.28857803  1.        ]
 [ 5.57344532  5.        ]
 [ 5.75299835  8.        ]
 [ 5.75808477  9.        ]
 [ 5.99403095 10.        ]
 [ 6.08147717 11.        ]
 [ 6.23558664 13.        ]
 [ 6.34605122 16.        ]
 [ 6.64313809 17.        ]
 [ 7.19749784 19.        ]
 [ 7.28003586 20.        ]
 [ 7.76469409 21.        ]
 [ 7.86188316 23.        ]
 [ 8.43050957 24.        ]]",[ 1.  5.  8.  9. 10.],0,0,0.0
164,174,0.0,"[[ 4.28491592  3.        ]
 [ 4.49829102  5.        ]
 [ 5.07613866  7.        ]
 [ 5.1687987   8.        ]
 [ 5.23816085  9.        ]
 [ 5.44686937 10.        ]
 [ 5.82118988 11.        ]
 [ 5.95203469 16.        ]
 [ 6.03496186 17.        ]
 [ 6.170434   18.        ]
 [ 6.26833463 19.        ]
 [ 6.37733256 20.        ]
 [ 6.40272474 21.        ]
 [ 7.38956845 23.        ]
 [ 7.81758458 24.        ]]",[3. 5. 7. 8. 9.],0,1,0.0
165,175,0.0,"[[ 6.98825169  5.        ]
 [ 7.01021862 18.        ]
 [ 7.69657254 19.        ]
 [ 9.52998924 20.        ]]",[ 5. 18. 19. 20.],0,1,0.0
166,176,0.0,"[[ 4.64509249  5.        ]
 [ 5.02823067  7.        ]
 [ 5.74498653  9.        ]
 [ 5.96380758 10.        ]
 [ 5.99683288 11.        ]
 [ 6.12178177 13.        ]
 [ 6.34471798 15.        ]
 [ 6.35130974 16.        ]
 [ 6.35430259 17.        ]
 [ 6.55126994 18.        ]
 [ 6.60410079 19.        ]
 [ 7.09565347 20.        ]
 [ 8.24901867 21.        ]
 [ 8.39997183 23.        ]
 [ 8.69684036 24.        ]]",[ 5.  7.  9. 10. 11.],0,0,0.0
167,177,0.0,"[[ 5.08908694  1.        ]
 [ 5.32257223  5.        ]
 [ 5.48086262  7.        ]
 [ 5.55262756  8.        ]
 [ 5.61802187  9.        ]
 [ 5.73296428 11.        ]
 [ 5.79320049 12.        ]
 [ 5.92865753 13.        ]
 [ 6.03676987 16.        ]
 [ 6.07837896 17.        ]
 [ 6.10690523 18.        ]
 [ 6.26726338 19.        ]
 [ 6.27000237 20.        ]
 [ 7.69943554 21.        ]
 [ 7.7921918  23.        ]
 [ 7.96345162 24.        ]
 [ 8.02072616 27.        ]
 [10.38332573 28.        ]
 [13.03345394 30.        ]
 [19.08909512 34.        ]]",[1. 5. 7. 8. 9.],0,1,0.0
168,178,10.0,"[[ 4.8990159   7.        ]
 [ 5.31168079  8.        ]
 [ 5.33115745  9.        ]
 [ 5.35973918 10.        ]
 [ 5.45581141 13.        ]
 [ 5.63627195 15.        ]
 [ 5.95810148 16.        ]
 [ 6.38332462 17.        ]
 [ 6.56473446 18.        ]
 [ 6.65803146 21.        ]
 [ 7.23067236 23.        ]
 [ 7.73882723 24.        ]
 [ 8.93549311 26.        ]
 [10.09952927 30.        ]]",[ 7.  8.  9. 10. 13.],1,1,0.25
169,179,10.0,"[[ 4.45133877 10.        ]
 [ 6.89666462 13.        ]
 [ 7.32210159 16.        ]
 [ 7.35681057 17.        ]
 [ 7.45128059 18.        ]
 [ 8.32516479 19.        ]
 [10.87066174 23.        ]
 [12.19864607 24.        ]]",[10. 13. 16. 17. 18.],1,1,1.0
170,180,0.0,"[[ 3.16072655  1.        ]
 [ 3.93910599  5.        ]
 [ 4.62300491  7.        ]
 [ 5.12469327  9.        ]
 [ 5.56988439 10.        ]
 [ 6.07367277 11.        ]
 [ 6.4852519  13.        ]
 [ 6.57675848 19.        ]
 [ 6.60002565 23.        ]
 [ 6.85235596 24.        ]]",[ 1.  5.  7.  9. 10.],0,0,0.0
171,181,0.0,"[[ 5.5374767  18.        ]
 [ 5.88891411 21.        ]
 [ 5.91115189 24.        ]
 [ 7.61387253 30.        ]]",[18. 21. 24. 30.],0,1,0.0
172,182,0.0,"[[ 5.11364365  5.        ]
 [ 5.14700246  7.        ]
 [ 5.9416831   9.        ]
 [ 6.20829934 10.        ]
 [ 6.22191143 11.        ]
 [ 6.25483279 16.        ]
 [ 6.34017277 17.        ]
 [ 6.47011924 18.        ]
 [ 6.65035611 19.        ]
 [ 7.02813244 20.        ]
 [ 7.1710364  23.        ]
 [11.20832953 24.        ]
 [15.3415575  34.        ]]",[ 5.  7.  9. 10. 11.],0,0,0.0
173,183,10.0,"[[ 4.30045891  7.        ]
 [ 4.32590771  9.        ]
 [ 4.57136285 10.        ]
 [ 5.46453762 11.        ]
 [ 5.69238647 13.        ]
 [ 5.69444752 15.        ]
 [ 5.74992943 16.        ]
 [ 5.88890576 19.        ]
 [ 6.14737701 20.        ]
 [ 7.82636452 21.        ]
 [ 9.30890298 23.        ]
 [10.39676682 24.        ]]",[ 7.  9. 10. 11. 13.],1,1,0.3333333333333333
174,184,10.0,"[[ 4.280159    1.        ]
 [ 4.3352766   7.        ]
 [ 5.37366855  8.        ]
 [ 5.76298261  9.        ]
 [ 6.13809792 16.        ]
 [ 6.46403813 20.        ]
 [ 8.96468925 23.        ]
 [11.22384723 24.        ]]",[ 1.  7.  8.  9. 16.],0,0,0.0
175,185,10.0,"[[ 5.07921195  7.        ]
 [ 5.11715903  8.        ]
 [ 5.43155527 10.        ]
 [ 5.4735899  13.        ]
 [ 5.5284965  17.        ]
 [ 5.71462822 18.        ]
 [ 5.79232216 20.        ]
 [ 6.08219471 21.        ]
 [ 6.17157412 23.        ]
 [ 6.19586802 24.        ]
 [ 6.59715128 27.        ]
 [ 6.70963732 33.        ]]",[ 7.  8. 10. 13. 17.],1,1,0.3333333333333333
176,186,10.0,"[[ 5.2274394   5.        ]
 [ 5.71444683  7.        ]
 [ 5.81016699  9.        ]
 [ 5.88750966 10.        ]
 [ 5.97484531 11.        ]
 [ 6.03993888 13.        ]
 [ 6.0448734  16.        ]
 [ 6.33075857 17.        ]
 [ 6.37172525 18.        ]
 [ 6.6239953  19.        ]
 [ 6.72128836 20.        ]
 [ 6.73448096 21.        ]
 [ 6.80819273 23.        ]
 [ 6.93335002 24.        ]
 [ 7.45368358 26.        ]
 [ 9.44849229 33.        ]
 [ 9.94921494 34.        ]]",[ 5.  7.  9. 10. 11.],1,1,0.25
177,187,10.0,"[[ 4.16549397  5.        ]
 [ 4.28809977  9.        ]
 [ 5.07616615 10.        ]
 [ 6.01718879 16.        ]
 [ 6.19619036 19.        ]
 [ 6.33246183 20.        ]
 [ 7.69663771 21.        ]
 [ 9.60903215 23.        ]
 [ 9.66479921 24.        ]
 [10.62614155 26.        ]]",[ 5.  9. 10. 16. 19.],1,1,0.3333333333333333
178,188,0.0,"[[ 5.20027399  3.        ]
 [ 5.44361186  9.        ]
 [ 6.17779613 12.        ]
 [ 6.34016752 15.        ]
 [ 6.47700426 16.        ]
 [ 6.5385232  17.        ]
 [ 6.94853401 18.        ]
 [ 7.32083821 19.        ]
 [ 7.50834999 20.        ]
 [ 7.67155695 21.        ]
 [11.68978119 23.        ]
 [12.46862316 24.        ]]",[ 3.  9. 12. 15. 16.],0,1,0.0
179,189,0.0,"[[ 4.4759999   7.        ]
 [ 4.49997091  9.        ]
 [ 4.64663076 18.        ]
 [ 4.77757194 19.        ]
 [ 5.00626278 21.        ]
 [ 5.86881351 23.        ]
 [ 6.39699078 24.        ]
 [ 6.51056767 26.        ]
 [ 9.17346156 33.        ]]",[ 7.  9. 18. 19. 21.],0,1,0.0
180,190,0.0,"[[ 4.64506054  5.        ]
 [ 5.12764549  8.        ]
 [ 5.41869831 10.        ]
 [ 5.47919512 11.        ]
 [ 5.84713507 16.        ]
 [ 5.94745636 17.        ]
 [ 6.51506762 18.        ]
 [ 6.57482925 19.        ]
 [ 6.67484089 20.        ]
 [ 8.50873184 21.        ]
 [13.42086887 23.        ]
 [19.86633682 24.        ]]",[ 5.  8. 10. 11. 16.],0,0,0.0
181,191,0.0,"[[ 4.09741116  9.        ]
 [ 5.20344758 16.        ]
 [ 5.22487068 17.        ]
 [ 5.22891808 18.        ]
 [ 5.32693911 19.        ]
 [ 5.76495218 23.        ]
 [ 6.41125154 24.        ]]",[ 9. 16. 17. 18. 19.],0,1,0.0
182,192,0.0,"[[ 5.2796874   3.        ]
 [ 5.33353925  5.        ]
 [ 5.61557139  7.        ]
 [ 5.70239205  9.        ]
 [ 6.08089533 10.        ]
 [ 6.32317972 11.        ]
 [ 6.38525772 13.        ]
 [ 6.55469216 16.        ]
 [ 6.61442626 17.        ]
 [ 6.8771445  18.        ]
 [ 6.99836336 19.        ]
 [ 7.09948712 20.        ]
 [ 7.22358567 21.        ]
 [ 8.04452667 23.        ]
 [ 8.0491427  24.        ]
 [ 8.07042223 30.        ]
 [13.64597702 34.        ]]",[ 3.  5.  7.  9. 10.],0,0,0.0
183,193,0.0,"[[ 4.33183956  8.        ]
 [ 6.63350131  9.        ]
 [ 6.97109747 10.        ]
 [ 8.30943805 16.        ]
 [ 8.68799801 18.        ]
 [ 8.75247227 19.        ]
 [ 9.86985731 20.        ]
 [10.03705844 23.        ]
 [16.91088994 24.        ]
 [19.31212262 34.        ]]",[ 8.  9. 10. 16. 18.],0,0,0.0
184,194,0.0,"[[ 4.29822922  7.        ]
 [ 4.61099625 13.        ]
 [ 4.89133406 16.        ]
 [ 5.2634085  18.        ]
 [ 5.75181985 20.        ]
 [ 5.87010193 21.        ]
 [ 6.11072302 24.        ]
 [ 6.67190742 33.        ]]",[ 7. 13. 16. 18. 20.],0,1,0.0
185,195,10.0,"[[ 5.98362684 13.        ]
 [ 6.83017445 19.        ]
 [ 7.21692944 23.        ]]",[13. 19. 23.],0,0,0.0
186,196,10.0,"[[ 5.81861019  7.        ]
 [ 6.66523457 10.        ]
 [ 7.44270802 16.        ]
 [ 7.9062705  19.        ]
 [ 8.21735859 21.        ]
 [11.62154365 23.        ]
 [19.26897812 24.        ]]",[ 7. 10. 16. 19. 21.],1,1,0.5
187,197,10.0,"[[ 5.24228001  5.        ]
 [ 5.40198612  7.        ]
 [ 5.56254244  9.        ]
 [ 5.70501518 10.        ]
 [ 6.36492348 16.        ]
 [ 7.50877364 18.        ]
 [ 7.93053627 21.        ]
 [10.06379628 23.        ]
 [10.31608105 24.        ]
 [11.13173199 26.        ]
 [19.52623367 34.        ]]",[ 5.  7.  9. 10. 16.],1,1,0.25
188,198,10.0,"[[ 4.78891802  3.        ]
 [ 5.53500271  5.        ]
 [ 5.54774427  7.        ]
 [ 6.31682777  9.        ]
 [ 6.73300552 16.        ]
 [ 7.45539665 18.        ]
 [ 8.05175018 19.        ]
 [10.31117678 20.        ]
 [10.38314629 23.        ]
 [19.2966938  24.        ]]",[ 3.  5.  7.  9. 16.],0,0,0.0
189,199,10.0,"[[ 6.05705357  5.        ]
 [ 6.0626421  16.        ]
 [ 6.41872811 17.        ]
 [ 6.68912482 18.        ]
 [ 7.37154563 19.        ]
 [ 7.83095384 21.        ]
 [ 8.06498798 23.        ]
 [ 8.63592696 24.        ]
 [19.32047653 34.        ]]",[ 5. 16. 17. 18. 19.],0,0,0.0
